{
    "5": [
        0.9533556261357271,
        2.6428618390607137,
        3.657360636241602
    ],
    "14": [
        0.8949909955981474,
        2.7655849946282243,
        3.861963999446167
    ],
    "16": [
        1.0126417396411878,
        2.5939784632120557,
        3.645341567742982
    ],
    "20": [
        0.8788429079493607,
        2.474805703492679,
        3.877120138609144
    ],
    "21": [
        0.9472216176921853,
        2.5449255047268378,
        4.106152607076685
    ],
    "24": [
        1.0095522335253229,
        2.4971048774760054,
        4.082933435043003
    ],
    "25": [
        0.8323587122810842,
        2.7915180015797083,
        3.836560517477063
    ],
    "29": [
        1.0737716938600639,
        2.541979583392559,
        3.6113573947154944
    ],
    "33": [
        0.8000554310353714,
        2.7431044741305697,
        3.887800387731547
    ],
    "34": [
        0.8180737760462359,
        2.486169520097575,
        3.800457144505742
    ],
    "38": [
        1.100940577638852,
        2.4709726355189106,
        3.6445384089508996
    ],
    "39": [
        1.0714149721563275,
        2.438584892716272,
        4.048700063546321
    ],
    "43": [
        0.7857887790530581,
        2.628858270705289,
        3.9484162969245755
    ],
    "52": [
        1.0912808140758328,
        2.367727810224157,
        3.7387095967604647
    ]
}