{
    "7": [
        4.109789793507154,
        2.009999977247322,
        3.1714384577169894
    ],
    "11": [
        4.138468684283485,
        2.005913842808392,
        3.3051293175600156
    ],
    "15": [
        4.017378276899143,
        2.053471070780813,
        3.323410463641419
    ],
    "17": [
        3.858477506154583,
        1.9794493755767886,
        3.0655137982666254
    ],
    "21": [
        3.8639758723911735,
        2.080263499734078,
        3.2810734808333164
    ],
    "22": [
        3.6311506104104754,
        2.066188720518886,
        3.1613577425421804
    ],
    "33": [
        3.6156442956634973,
        1.9560894843870897,
        2.9523782762460256
    ],
    "42": [
        3.38435583465793,
        2.043910390339815,
        3.047621783418288
    ],
    "58": [
        3.368850629426266,
        1.9338110886724902,
        2.8386427605231663
    ],
    "66": [
        3.141523121238201,
        2.0205509312877465,
        2.934486265836001
    ],
    "83": [
        3.1360242722357787,
        1.9197363702540329,
        2.718926569810237
    ],
    "87": [
        2.890209954717787,
        1.9899998916062391,
        2.828561420547763
    ],
    "90": [
        2.9826230431246916,
        1.9465289388606744,
        2.6765897431933947
    ],
    "93": [
        2.8204483418310278,
        1.9467742176925824,
        2.7646093885512353
    ]
}