{
    "7": [
        4.109789793507154,
        2.009999977247322,
        3.1714384577169894
    ],
    "11": [
        4.138468684283485,
        2.005913842808392,
        3.3051293175600156
    ],
    "15": [
        4.017378276899143,
        2.053471070780813,
        3.323410463641419
    ]
}
